Model,img
BMW X2,https://i.i-sgcm.com/new_cars/cars/21799/21799_m.jpg
BMW M4,https://platform.cstatic-images.com/in/v2/stock_photos/aa68e468-a5a5-4269-a801-1aaf3a746bdf/ba7809b4-c991-4893-a010-bd3f4aa52cd2.png
BMW 6 Series,https://www.bmw.com.sg/content/dam/bmw/common/all-models/6-series/gran-turismo/2021/navigation/bmw-6-series-gran-turismo-posi-modelfinder.png
BMW M2,https://prod.cosy.bmw.cloud/bmwweb/cosySec?COSY-EU-100-7331zK%25yoKGr8S2nvz3UYyTRE5lkb8M%25fNwEUnVI19mpzajeqKrPpw56swT7OY9hJP%25sY1coKGfXxjBHS9u5Esr%25P6BFLr2btxpa2Crms8fnOl6JQD0mbH8ELDOdqQmSBymkIVzUWkTAus0pL3hL4CRf1xEaxQF6y89RpfBcmfsil6J4KAffDuTjmBx9cvrx3X7aagd94fXG1HS91cetUDCnFgLO7G6Y89RANK82MfP05pyVAfoUMA8ACAtkhJHFlFWtou%25KXCP6HSfWQluq%25V1PaXslfNEbnQrb10s9OaZ3E4riIqgRscZwBLnWrxRteJfgZ857Mu6URUgChZD35GvloRG4gp2XH5psv6jQ%25g6W2YDafvYijmqn12rCDyLOEjcmqTJIsDbWL3uBrq9YJdSeZLpouzVMRJ4DSkNh5u6SVA0ogs8kNF4HvrFd0Kc%252Zpz4WxfjRiTcP81D5wdxbUEqg4E89GsLvczUiprJyTGGw6ZuTNpptYRS3Aw67m5VdQ5YCygNzaUmlTv0knfyX324AEtTQdjcFsr3azDxKo1dnkq8WwFzOALUPKckIFJGb%25JABKup%258PFeWS6faaKMPVY1vWWhbNmbkrPo90y9CbbHi4TizR9%25wc3wZQiftxdtkVw178z7CdtECUkC1h7slGAl2kCrXpFRillZQ6K5JnXRaYW32yQ5nmPdamagOybze7nvIT9kMgO2B3iAhLIjedwF2iBDMsMWB1XYvQiG%25
BMW iX3,https://www.vertumotors.com/new/vertu/car/bmw/ix3/BMW-iX3-M-Sport-2021%5E1000x667%5E.jpg
BMW 8 Series,https://www.bmw.com.sg/content/dam/bmw/common/all-models/8-series/gran-coupe/2022/navigation/bmw-8series-gran-coupe-modelfinder-stage2-890x501.png
BMW 7 Series,https://imgd.aeplcdn.com/664x374/n/cw/ec/132513/new-7-series-exterior-left-front-three-quarter-2.jpeg?isig=0&q=80
BMW i4,https://prod.cosy.bmw.cloud/bmwweb/cosySec?COSY-EU-100-7331zK%25yoKGr8S2nvz3UYyTRE5lkbZomfNwEUnVI19mpzajeqKrPpw56swT7OY9hJP%25sY1coKGfXxryHS9u5Esr%25P6BFLr2btxpa2Crms8fnOl6JQD0mbH8ELDOdqQmSBymkIVzUWkTAus0pL3hL4CRf1xEaxT%25Ge89RpfBcmfsil6J4KAffuRQjmBx9cvrx3X7aagd94fXG1HS91cetUDCnFgLO7G6Y89RANK82MfP05pyVAfoUMA8ACAYwhJHFl71Qou%25KXC17HSfWQlEr%25V1PaXsyfNEbnQrg10s9OD5ZE4riIqaKscZwBL%255rxRteJxwZ857Mu8IRUgChSYG5GvloVlsgp2XHNR5v6jQ%2503b2YDaf4Objmqn12SFDyLOEjyGqTJIsDTgL3uBrq5QJdSeZLU3uzVMRJw9SkNh5utTVA0ogSETNF4HvVAt0Kc%252Nye4Wxfj0T4cP81D56WxbUEqgbF89GsLvyKUiprJ2VYGw6ZujlZptYRSDXz67m5VqQfYCygNLaWmlTv0JnbyX324uYbTQdjcS7y3azDxKWddnkq8WpzzOALUPZekIFJGbhJABKup9o3FeWS6iHgKMPVYw2OWhbNmtw4Po90y7ZvbHi4TCnt9%25wc3l7miftxdX5xw178z5ThtECUkg377slGAvW%25CrXpF2%25%25lZQ6KjNXXRaYWDy8Q5nmPn7JagOybOhnnvIT9ItSO2B3iB38Ijedwe7YBDMztMhweqhk7hD5MLoACo4AhJHFlSIoou%25KXVG1HSfWQi4b%25V1Pawt7fNEbnt1b10s9O7wkE4riIC5oscZwBlgrrxRteXvcZ857MQ26RUgCha8M5GvlonHRgp2V2IguEi8shPL
BMW X4,https://prod.cosy.bmw.cloud/bmvis/cosySec?COSY-EU-100-2545J3qAHyFnz5cRoHSWRzMESDsVcRoH7QRzMESV59VMb3G6bUJ1rjGRPixrQbUoaFoGq0zdpbrbl38mrjGm7SErQbCUQMs2q0zRERW8J13882q0zAaFHdl382hhq0zkRNSQBL4QSW8zLAd8W8J1ExSnQNUMESQdo8uoUQqoQEdcNq0zkdHNqoQqRrjGzIEtN3WCIqx8W8zWubJjqogqaJoEl3ilUQt9cRScH7o3MbnMd0B9yJGy5BObrQ%25r9Yp9W8zWunUQqogqaGjdl3ilU%257QcRScHzesMbnMdg7oyJGy5iKErQ%25r9SRwW8zWunioqogqaGsdl3ilU%25KBcRScH40iMbnMdemRyJGy5m3SrQ%25r9sRcW8zWuKSuqogqaDnvl3ilURJ5cRScHbj7MbnMdJoiyJGy5Q3drQ%25r98RiW8zWuonNqogqa3oyl3ilUR3ZcRScHbDBMbnMdd8uyJGy558arQ%25r99uDW8zWuuf4qoQLds3%251UMESj8%25IMb3Vq0zoaDHdl38vontCcYiGb8l38NrjGl3guUHqoQUyFnHm
BMW M3,https://www.bmw.cc/content/dam/bmw/common/all-models/m-series/m3-sedan/2022/highlights/bmw-3-series-sedan-m-automobiles-gallery-impressions-m3-competition-02-desktop.jpg.asset.1652802034367.jpg
BMW X6,https://www.bmw.ca/content/dam/bmw/common/all-models/m-series/x6m/2023/highlights/bmw-m-series-x6-m-gallery-image-impressionen-03_1920.jpg.asset.1675123934752.jpg
BMW 5 Series,https://www.bmw.ie/content/dam/bmw/common/all-models/i-series/i5/2023/Navigation/i5-bev.png
BMW M5,https://io.ilsa.ru/gallery/catalog/a/2d/4d1cf2d6d6bb17f6ee5fe1c0096dc2da.jpg
BMW X1,https://imgd.aeplcdn.com/664x374/n/cw/ec/140591/x1-exterior-left-front-three-quarter-2.png?isig=0&q=80
BMW 2 Series,https://www.bmw.co.za/content/dam/bmw/common/all-models/2-series/series-overview/bmw-2-series-overview-page-model-carousel-03.jpg
BMW X5,https://prod.cosy.bmw.cloud/bmvis/cosySec?COSY-EU-100-2545J3qAHyFnz5cRoHSWRzMESDsVcRoH7QRzMESV59VMb3G6bUJ1rjGRPixrQbUoaFoGq0zdgt7Rl38mrjGm7SErQbCUQMs2q0zRERW8J13882q0zAaGbbl382hhq0zkRNSQBL4QSW8zLAd8W8J1ExSnQNUMESQdoBo3UQqoQEdcNq0zkdHNqoQqRrjGzIEtN3WCIqx8W8zWu3ndqogqaR2%25l3ilUQ4jcRScH8R4MbnMdo13yJGy536nrQ%25r9R1HW8zWubxdqogqaJh0l3ilUjdocRScH7o3MbnMd0B9yJGy5BgQrQ%25r9YdFW8zWuEfGqogqaGH8l3ilU%25ddcRScHzQBMbnMdg89yJGy5ioBrQ%25r9SbUW8zWunJjqogqaGQFl3ilU%254JcRScHzesMbnMdg7oyJGy5i0BrQ%25r9SDGW8zWun9IqogqaGIvl3ilU%25vecRScHzN7MbnMdgCEyJGy5msbrQ%25r9sRnW8zWuKbIqogqaDJyl3ilUCGpcRScHbeiMbnMdJ70yJGy5Q3drQ%25r98R9W8zWuobSqogqa3Gzl3ilUR3AcRScHb6oMbnMdJCYyJGy5Q4BrQ%25r993UW8zWuuRCqogqaaRdl3ilUUHecRScHHdQMbnMddAzyJGy55EurQ%25r90gbW8zWuBAuqoQLds3%251UMESQJaCMb3Vq0zoaDHdl38vontCcYiGb8l38NrjGl3guUHqoQUyFnHm
BMW M8,https://stimg.cardekho.com/images/carexteriorimages/630x420/BMW/M8-Coupe-Competition/10583/1762779385889/front-left-side-47.jpg
BMW iX,https://prod.cosy.bmw.cloud/bmwweb/cosySec?COSY-EU-100-73315jAvmZ7dgMyDARUQunKeNWJeihsPIgpn0WNR10m7illZyrU1OIXYuaq469%25UbT79Kix2pd4WsKmUGpc1QuHAp3ERtXD3gpnXJCpLMXTCBb419kVObHi4Tmlo9%25wc3OmSiftxdIWCw178zB1xtECUkems7slGAtnUCrXpF7i%25lZQ6KCZFXRaYWluEQ5nmPXjNagOybQ30nvIT9aMWO2B3iKL3IjedwWJsBDMztPuNeqhk7bItMLoAC1ZqhJHFlENFou%25KXs0mHSfWQrTq%25V1PaZ3dfNEbnRZi10s9OGQJE4riIx0oscZwB845rxRteUczZ8XhAusbSL3hSntD0nBdKVZjYpTnQhp10tLhu1XzWVo7rgMLWHNO9cvwXzZjQixUG4Ws46Iq5gmvhmSwjnyXq%25sGM8snyQiASk%25Nb5zvVo7iaR6jmBdtixsw0%25lUf%25Z8XCWit74Sc1Qe0Ix
BMW i8,https://cdn-www.pod-point.com/i8-coupe-white-background.jpg?v=1548764851
BMW i3,https://cdn.jdpower.com/Models/640x480/2015-BMW-i3-Base.jpg
BMW Z4,https://www.bmw.co.id/content/dam/bmw/common/all-models/z-series/roadster/2022/highlights/bmw-z-series-z4-roadster-ms-aerodynamic.jpg
BMW 4 Series,https://prod.cosy.bmw.cloud/bmwweb/cosySec?COSY-EU-100-73315jAvmZ7dgMyNxRUQunKeNWJeihsPIgpn0WNR10m7illZyrU1OIXYuaq4y9%25UbT79Kix2pd4WsKmUGpc1QuHAp3ERtXD3gpnXJCpLpFpNzlZQ6K60wXRaYWY4XQ5nmPmlEagOybykEnvIT9PogO2B3ib7vIjedw92bBDMztio9eqhk7wHEMLoACR1%25hJHFl5tVou%25KXg7dHSfWQveE%25V1Pa2VWfNEbnjx010s9OD%25fE4riI1gYscZwBEcSrxRtesx%25Z857MrHbRUgChZu85GvloRkdgp2XH5Axv6jQ%25gBx2YDafv42jmqn1hSYDyLOEoypqTJIsH06L3uBr%25ABJdSeZfFxuzVMR1KpSkNh5EWYVA0ogsuYNF4HvUG00Kc%252Gq44WxfjpO9cP81D6w1xbUEqYtN89GsLm7eUiprJyhWGw6ZuTy5ptYRS3OM67m5VdKTYCygNz3umlTv0kBvyX324BAtTQdjceNt3azDxM0ddnkq8hplzOALUollkIFJGHRAABKupK31FeWS6WwbKMPVYPtWWhbNmb3rPo90y9YjbHi4TirX9%25wc3wzSiftxdt73w178z7fMtECUkCvz7slGAZ9CCrXpFRLalZQhQ3le9cEiANI9%25UdDOPSIagdI64XM6yvLB9lrE66GdoKM4adOKU2JBzcbt3aJkeYVo70U29lGNHf1hJPhsmQwtZ7dZLigKRUQAP13%25P6RGNDIjAeSw27BzcNpislZyv4NHP0MA8fFA9%25UxJN4chIoKGTLhK
BMW X3,https://images.dealer.com/ddc/vehicles/2024/BMW/X3/SUV/still/front-left/front-left-640-en_US.jpg
BMW X7,https://prod.cosy.bmw.cloud/bmvis/cosySec?COSY-EU-100-2545J3qAHyFnz5cRoHSWRzMESVDbIHyJR5BoJirjGpuaprQbzAQd82q0zJXnTqoQdRH7RzcYi9t5EFMb3Kq0zKBGjqoQedorDNcYiJjJl382b33NcYitH%25emMb3NZZcYiwJ6GoExmoGl3ixt93l382jTG%25o6drjGo9RbUEJecRoj9y6cYiw956cRocJq0zqaRu3l3ilUQI8cRScH8ZuMbnMdoPeyJGy53LlrQ%25r9Y3CW8zWuEJjqogqaFQFl3ilUjQzcRScH78IMbnMd0zJyJGy5BHErQ%25r9YpHW8zWunUUqogqaGb7l3ilU%25JdcRScHzo9MbnMdg3YyJGy5iRBrQ%25r9SnbW8zWunDjqogqaGCbl3ilU%25QocRScHzUAMbnMdg43yJGy5ieUrQ%25r9SpDW8zWun8kqogqaGo3l3ilU%25tdcRScHzDmMbnMdeB8yJGy5m3erQ%25r9siwW8zWuon%25qogqa3uJl3ilUR3AcRScHbDBMbnMdJC0yJGy55oarQ%25r99FcW8zWu2bJqogqaIn4l3ilU6uacRox9Dbg2drjGo8HprQbpcYiRH459Mb3VR%25IeyFnzQ3Mb36q0zMbSUd5cRodW7%255K
BMW 3 Series,https://www.bmw-ghana.com/content/dam/bmw/common/all-models/3-series/sedan/2022/navigation/bmw-3-series-sedan-lci-modelfinder.png
BMW 1 Series,https://mediapool.bmwgroup.com/cache/P9/201702/P90249317/P90249317-the-new-bmw-1-series-estoril-blue-02-2017-599px.jpg
